Commit_Tstamp,Commit_Msg,100K,1M,10M,100M,1B
2020-08-01 11:34:11,Initial Tests,184.98828125,248.453125,1066.9436553030303,8419.293830743714
