Commit_Tstamp,Commit_Msg,100K,1M,10M,100M,1B
2020-08-01 11:34:11,Initial Tests,189.75390625,293.875,1252.8631417410713,9224.878685528909
