Commit_Tstamp,Commit_Msg,100K,1M,10M,100M,1B
2020-08-01 11:34:11,Initial Tests,189.8125,293.875,1184.8548519736842,8663.041449652777
