Commit_Tstamp,Commit_Msg,100K,1M,10M,100M,1B
2020-08-01 11:34:11,Initial Tests,0.0015508509992893476,0.015832373333978467,0.1575268080002085,1.5788104976672912
