Commit_Tstamp,Commit_Msg,100K,1M,10M,100M,1B
2020-08-01 11:34:11,Initial Tests,0.000144272332060306,0.0021602249980787747,0.020353495000260107,0.20645447433344088
