Commit_Tstamp,Commit_Msg,100K,1M,10M,100M,1B
2020-08-01 11:34:11,Initial Tests,0.0830886783345098,0.3120261553315989,3.545646818000629,45.00993886566721
