Commit_Tstamp,Commit_Msg,100K,1M,10M,100M,1B
2020-08-01 11:34:11,Initial Tests,0.07830363033281174,0.7756789323320845,8.158645412334105,78.024689794666
