Commit_Tstamp,Commit_Msg,100K,1M,10M,100M,1B
2020-08-01 11:43:52,Initial Tests,90.98828125,151.2752403846154,609.9356971153846,5570.301641949152
