Commit_Tstamp,Commit_Msg,100K,1M,10M,100M,1B
2020-08-01 11:43:52,Initial Tests,91.14973958333333,129.82421875,523.7180989583334,4300.893785112359
