Commit_Tstamp,Commit_Msg,100K,1M,10M,100M,1B
2020-08-01 11:43:52,Initial Tests,91.03515625,129.82421875,573.4487847222222,4669.116416879252
