Commit_Tstamp,Commit_Msg,100K,1M,10M,100M,1B
2020-08-01 11:43:52,Initial Tests,0.016534455666260328,0.1543771946671768,1.4900062156666536,14.478397980000105
