Commit_Tstamp,Commit_Msg,100K,1M,10M,100M,1B
2020-08-01 11:43:52,Initial Tests,0.01843040266733927,0.18348402699969787,1.8924064476668718,18.665315949666063
