Commit_Tstamp,Commit_Msg,100K,1M,10M,100M,1B
2020-08-01 11:43:52,Initial Tests,0.03833473866689019,0.17949915033386787,1.2721980466667446,13.977952444334127
