Commit_Tstamp,Commit_Msg,100K,1M,10M,100M,1B
2020-08-01 11:43:52,Initial Tests,0.010676342666556593,0.09244374566575668,0.9506587793342381,9.189947580668862
