Commit_Tstamp,Commit_Msg,100K,1M,10M,100M,1B
2020-08-01 11:49:40,Initial Tests,3626.53515625,3626.5390625,3626.54296875,4549.314208984375
