Commit_Tstamp,Commit_Msg,100K,1M,10M,100M,1B
2020-08-01 11:49:40,Initial Tests,0.018336443999335945,0.16118541066680336,1.5942523543344578,15.999398678000338
