Commit_Tstamp,Commit_Msg,100K,1M,10M,100M,1B
2020-08-01 14:48:40,Initial Test,184.19943576388889,349.9234375,2056.0591947115386
