Commit_Tstamp,Commit_Msg,100K,1M,10M,100M,1B
2020-08-01 14:48:40,Initial Test,177.01506696428572,264.38245081018516,722.6765689300412
