Commit_Tstamp,Commit_Msg,100K,1M,10M,100M,1B
2020-08-01 14:48:40,Initial Test,173.78492647058823,240.0580078125,762.9509765625
