Commit_Tstamp,Commit_Msg,100K,1M,10M,100M,1B
2020-08-01 14:48:40,Initial Test,203.17138671875,471.1564486228813,1973.2442793306143
