Commit_Tstamp,Commit_Msg,100K,1M,10M,100M,1B
2020-08-01 14:48:40,Initial Test,177.06529017857142,249.81420454545454,722.1492917495029
