Commit_Tstamp,Commit_Msg,100K,1M,10M,100M,1B
2020-08-01 14:48:40,Initial Test,0.004516906000693173,0.036548997666007686,0.3827058753328553
