Commit_Tstamp,Commit_Msg,100K,1M,10M,100M,1B
2020-08-01 14:48:40,Initial Test,0.008329847665057363,0.02628344433226933,0.2550757149995964
