Commit_Tstamp,Commit_Msg,100K,1M,10M,100M,1B
2020-08-01 14:48:40,Initial Test,0.0001334650005446747,0.0009211080008147595,0.012217243999960678
