Commit_Tstamp,Commit_Msg,100K,1M,10M,100M,1B
2020-08-01 14:48:40,Initial Test,0.06474923766654683,0.7199853776667927,6.909514275001129
