Commit_Tstamp,Commit_Msg,100K,1M,10M,100M,1B
2020-08-01 14:48:40,Initial Test,1.7068666541793693e-05,3.4249666593192764e-05,3.15663346555084e-05
