Commit_Tstamp,Commit_Msg,100K,1M,10M,100M,1B
2020-08-01 14:48:40,Initial Test,0.6548454533331096,5.6076028966684435,51.72379965766595
