Commit_Tstamp,Commit_Msg,100K,1M,10M,100M,1B
2020-08-01 14:48:40,Initial Test,0.00024370066482030475,0.00022872200012595081,0.00022763166634831578
