Commit_Tstamp,Commit_Msg,100K,1M,10M,100M,1B
2020-08-01 14:48:40,Initial Test,0.0010174299992892581,0.013188793668329405,0.14529876333350936
