Commit_Tstamp,Commit_Msg,100K,1M,10M,100M,1B
2020-08-01 14:48:40,Initial Test,0.11403706633185114,1.2473682473331185,11.326836413000516
