Commit_Tstamp,Commit_Msg,100K,1M,10M,100M,1B
2020-08-01 14:48:40,Initial Test,0.004901188001288877,0.04655914966618487,0.5273796776673407
