Commit_Tstamp,Commit_Msg,100K,1M,10M,100M,1B
2020-08-01 14:48:40,Initial Test,0.0020320463348374083,0.022749937665745772,0.29873953033287154
