Commit_Tstamp,Commit_Msg,100K,1M,10M,100M,1B
2020-08-01 14:48:40,Initial Test,0.06262969400025516,0.16909105866701188,1.7209824993333314
