Commit_Tstamp,Commit_Msg,100K,1M,10M,100M,1B
2020-08-01 14:48:40,Initial Test,0.00014695199934067205,0.00015430633357027546,0.00015424000109002614
