Commit_Tstamp,Commit_Msg,100K,1M,10M,100M,1B
2020-08-01 14:48:40,Initial Test,0.006275622334214859,0.05529872166759257,0.6101086463337803
