Commit_Tstamp,Commit_Msg,100K,1M,10M,100M,1B
2020-08-01 11:48:26,Initial Tests,114.2109375,461.939697265625,3776.621897977941
