Commit_Tstamp,Commit_Msg,100K,1M,10M,100M,1B
2020-08-01 11:48:26,Initial Tests,114.53125,462.1640625,3977.6796875
