Commit_Tstamp,Commit_Msg,100K,1M,10M,100M,1B
2020-08-01 11:48:26,Initial Tests,0.00031584199799302343,0.00028935433268391836,0.0002521186664428872
