Commit_Tstamp,Commit_Msg,100K,1M,10M,100M,1B
2020-08-01 11:48:26,Initial Tests,0.00019541966563944393,8.694733454224964e-05,8.580633342110862e-05
