Commit_Tstamp,Commit_Msg,100K,1M,10M,100M,1B
2020-08-01 11:48:26,Initial Tests,0.14438185066440687,1.2883595840006212,13.133187892667289
